{
    "levelNumber": 2,
    "dimensions": { "width": 1000, "height": 600 },
    "playerStart": { "x": 500, "y": 590 },
    "objects": [
        {
            "name": "left_mirror",
            "type": "mirror",
            "topLeftPosition": {"x": 0, "y": 0},
            "bottomRightPosition": {"x": 8, "y": 600}
        },
        {
            "name": "right_mirror",
            "type": "mirror",
            "topLeftPosition": {"x": 992, "y": 0},
            "bottomRightPosition": {"x": 1000, "y": 600}
        },
        {
            "name": "top_mirror",
            "type": "mirror",
            "topLeftPosition": {"x": 0, "y": 0},
            "bottomRightPosition": {"x": 900, "y": 8}
        },
        {
            "name": "bottom_mirror",
            "type": "mirror",
            "topLeftPosition": {"x": 0, "y": 592},
            "bottomRightPosition": {"x": 1000, "y": 600}
        },
        {
            "name": "horizontal_mirror",
            "type": "mirror",
            "topLeftPosition": {"x": 250, "y": 300},
            "bottomRightPosition": {"x": 510, "y": 308}
        },
        {
            "name": "vertical_mirror",
            "type": "mirror",
            "topLeftPosition": {"x": 100, "y": 200},
            "bottomRightPosition": {"x": 108, "y": 360}
        },
        {
            "name": "hortizontal_mirror",
            "type": "mirror",
            "topLeftPosition": {"x": 570, "y": 380},
            "bottomRightPosition": {"x": 700, "y": 388}
        },
        {
            "name": "hortizontal_mirror",
            "type": "mirror",
            "topLeftPosition": {"x": 130, "y": 100},
            "bottomRightPosition": {"x": 340, "y": 108}
        },
        {
            "name": "vertical_mirror",
            "type": "mirror",
            "topLeftPosition": {"x": 800, "y": 400},
            "bottomRightPosition": {"x": 808, "y": 560}
        },
        {
            "name": "wall_void",
            "type": "void",
            "topLeftPosition": {"x": 992, "y": 100},
            "bottomRightPosition": {"x": 1000, "y": 200}
        },
        {
            "name": "wall_void",
            "type": "void",
            "topLeftPosition": {"x": 600, "y": 0},
            "bottomRightPosition": {"x": 80, "y": 8}
        },
        {
            "name": "floating_void",
            "type": "void",
            "topLeftPosition": {"x": 600, "y": 400},
            "bottomRightPosition": {"x": 680, "y": 460}
        },
        {
            "name": "floating_void",
            "type": "void",
            "topLeftPosition": {"x": 400, "y": 592},
            "bottomRightPosition": {"x": 480, "y": 600}
        },
        {
            "name": "floating_void",
            "type": "void",
            "topLeftPosition": {"x": 600, "y": 80},
            "bottomRightPosition": {"x": 680, "y": 120}
        },
        {
            "name": "floating_void",
            "type": "void",
            "topLeftPosition": {"x": 130, "y": 500},
            "bottomRightPosition": {"x": 258, "y": 590}
        }
    ],
    "finishLine": {
        "topLeftPosition": {"x": 901, "y": 0},
        "bottomRightPosition": {"x": 992, "y": 8}
    }
}