{
    "levelNumber": 2,
    "dimensions": { "width": 1000, "height": 600 },
    "playerStart": { "x": 500, "y": 590 },
    "objects": [
        {
            "name": "left_mirror",
            "type": "mirror",
            "topLeftPosition": {"x": 0, "y": 0},
            "bottomRightPosition": {"x": 8, "y": 600}
        },
        {
            "name": "right_mirror",
            "type": "mirror",
            "topLeftPosition": {"x": 992, "y": 0},
            "bottomRightPosition": {"x": 1000, "y": 600}
        },
        {
            "name": "top_mirror",
            "type": "mirror",
            "topLeftPosition": {"x": 0, "y": 0},
            "bottomRightPosition": {"x": 900, "y": 8}
        },
        {
            "name": "bottom_mirror",
            "type": "mirror",
            "topLeftPosition": {"x": 0, "y": 592},
            "bottomRightPosition": {"x": 1000, "y": 600}
        },
        {
            "name": "horizontal_mirror",
            "type": "mirror",
            "topLeftPosition": {"x": 250, "y": 300},
            "bottomRightPosition": {"x": 510, "y": 308}
        },
        {
            "name": "vertical_mirror",
            "type": "mirror",
            "topLeftPosition": {"x": 100, "y": 200},
            "bottomRightPosition": {"x": 108, "y": 360}
        },
        {
            "name": "hortizontal_mirror",
            "type": "mirror",
            "topLeftPosition": {"x": 810, "y": 130},
            "bottomRightPosition": {"x": 930, "y": 138}
        },
        {
            "name": "hortizontal_mirror",
            "type": "mirror",
            "topLeftPosition": {"x": 130, "y": 100},
            "bottomRightPosition": {"x": 340, "y": 108}
        },
        {
            "name": "vertical_mirror",
            "type": "mirror",
            "topLeftPosition": {"x": 600, "y": 400},
            "bottomRightPosition": {"x": 608, "y": 560}
        },
        {
            "name": "vertical_mirror",
            "type": "mirror",
            "topLeftPosition": {"x": 700, "y": 220},
            "bottomRightPosition": {"x": 708, "y": 340}
        }
    ],
    "finishLine": {
        "topLeftPosition": {"x": 901, "y": 0},
        "bottomRightPosition": {"x": 992, "y": 8}
    }
}